abc@139.com,2015-11-23
abc@139.com,2015-11-23
abc@gmail.com,2015-11-23
xyz@gmail.com,2015-11-23
aaa@gmail.com,2015-11-23
abc@hotmail.com,2015-11-23
cca@gmail.com,2015-11-23
sang@sina.com,2014-05-12
sang@sina.com,2014-05-12
snag@sina.com,2014-05-12
sang@sina.com,2014-05-12
cca@suho.com,2014-05-12
niu@suho.com,2014-05-12
abc@hotmail.com,2014-05-12
abc@hotmail.com,2014-05-12
abc@hotmail.com,2014-05-12
abc@hotmail.com,2014-05-12
abc@gmail.com,2014-05-12
xyz@gmail.com,2014-05-12
def@gmail.com,2014-05-12
abc@gmail.com,2010-11-30
xyz@gmail.com,2010-11-30
def@gmail.com,2010-11-30
bba@139.com,2010-11-30
bba@139.com,2014-01-30
bba@139.com,2014-01-30
cca@139.com,2014-01-30
liu@suho.com,2014-01-30
cca@suho.com,2014-01-30
sang@sina.com,2014-01-30
sang@sina.com,2014-01-30
xyz@gmail.com,2014-01-30
def@gmail.com,2014-01-30
abc@gmail.com,2014-01-30
abc@hotmail.com,2014-01-30
abc@hotmail.com,2014-05-31
cca@gmail.com,2014-05-31
xyz@gmail.com,2014-05-31
def@gmail.com,2014-05-31
xyz@gmail.com,2014-05-31
def@gmail.com,2014-05-31
abc@hotmail.com,2014-05-31
cca@suho.com,2014-05-31
niu@suho.com,2014-05-31
liu@suho.com,2014-05-31
sang@sina.com,2015-10-23
sang@sina.com,2015-10-26
sang@sina.com,2015-10-26
sang@sina.com,2015-10-26
sang@sina.com,2015-10-26
sang@sina.com,2015-10-26
sang@sina.com,2015-10-26
sang@sina.com,2015-10-26
bba@139.com,2015-10-26
